-- Добавление в таблицу users
INSERT INTO `users` (`id`, `firstname`, `lastname`, `email`, `password_hash`, `phone`) VALUES ('1', 'Миша', 'Иванов', 'o\'connell.adolph@deckow.com', '74606573', '89269201122');
INSERT INTO `users` (`id`, `firstname`, `lastname`, `email`, `password_hash`, `phone`) VALUES ('2', 'Алексей', 'Щербаров', 'dmayer@weimannoconnell.org', '03455296', '89269201133');
INSERT INTO `users` (`id`, `firstname`, `lastname`, `email`, `password_hash`, `phone`) VALUES ('3', 'Николай', 'Петров', 'dhermann@kuhnhansen.com', '51528683', '89269201134');
INSERT INTO `users` (`id`, `firstname`, `lastname`, `email`, `password_hash`, `phone`) VALUES ('4', 'Дарья', 'Сабуркина', 'domenick82@gmail.com', '04189190', '89269201144');
INSERT INTO `users` (`id`, `firstname`, `lastname`, `email`, `password_hash`, `phone`) VALUES ('5', 'Ваня', 'Солотнов', 'ola39@rolfson.net', '30229969', '89269201145');
INSERT INTO `users` (`id`, `firstname`, `lastname`, `email`, `password_hash`, `phone`) VALUES ('6', 'Михаил', 'Литвин', 'west.christ@jastzieme.com', '44250652', '89269201155');
INSERT INTO `users` (`id`, `firstname`, `lastname`, `email`, `password_hash`, `phone`) VALUES ('7', 'Вова', 'Минеев', 'lleannon@yahoo.com', '17032834', '89159301122');
INSERT INTO `users` (`id`, `firstname`, `lastname`, `email`, `password_hash`, `phone`) VALUES ('8', 'Коля', 'Копейкин', 'ankunding.javon@ratke.biz', '07060700', '89159301126');
INSERT INTO `users` (`id`, `firstname`, `lastname`, `email`, `password_hash`, `phone`) VALUES ('9', 'Катя', 'Сизова', 'kris.rene@hotmail.com', '95937731', '89159301133');
INSERT INTO `users` (`id`, `firstname`, `lastname`, `email`, `password_hash`, `phone`) VALUES ('10', 'Владлен', 'Соколов', 'rice.lizeth@rauharris.com', '27386187', '89159301134');
INSERT INTO `users` (`id`, `firstname`, `lastname`, `email`, `password_hash`, `phone`) VALUES ('11', 'Маша', 'Крутова', 'logan.bruen@wiegandrutherford.com', '72156780', '89159301147');
INSERT INTO `users` (`id`, `firstname`, `lastname`, `email`, `password_hash`, `phone`) VALUES ('12', 'Богдан', 'Зеленов', 'borer.vesta@bosco.org', '12469833', '89159301177');
INSERT INTO `users` (`id`, `firstname`, `lastname`, `email`, `password_hash`, `phone`) VALUES ('13', 'Саша', 'Типин', 'ubashirian@lubowitz.com', '18339406', '89159301187');
INSERT INTO `users` (`id`, `firstname`, `lastname`, `email`, `password_hash`, `phone`) VALUES ('14', 'Миша', 'Мозаев', 'eleanore98@hotmail.com', '64410067', '89049451122');
INSERT INTO `users` (`id`, `firstname`, `lastname`, `email`, `password_hash`, `phone`) VALUES ('15', 'Тина', 'Конделаки', 'mlynch@hoeger.com', '67467907', '89049451178');
INSERT INTO `users` (`id`, `firstname`, `lastname`, `email`, `password_hash`, `phone`) VALUES ('16', 'Андрей', 'Романов', 'laurine06@hotmail.com', '68136284', '89049451131');
INSERT INTO `users` (`id`, `firstname`, `lastname`, `email`, `password_hash`, `phone`) VALUES ('17', 'Артем', 'Коновалов', 'schuppe.aniyah@hotmail.com', '37099541', '89049451128');
INSERT INTO `users` (`id`, `firstname`, `lastname`, `email`, `password_hash`, `phone`) VALUES ('18', 'Борис', 'Самкин', 'ihegmann@gmail.com', '45697579', '89049451136');
INSERT INTO `users` (`id`, `firstname`, `lastname`, `email`, `password_hash`, `phone`) VALUES ('19', 'Вова', 'Якушев', 'alanna20@reinger.com', '00722100', '89049451147');
INSERT INTO `users` (`id`, `firstname`, `lastname`, `email`, `password_hash`, `phone`) VALUES ('20', 'Таня', 'Саломатова', 'mwyman@mitchell.com', '13497569', '89049451155');

-- Добавление в таблицу messages
INSERT INTO `messages` (`id`, `from_user_id`, `to_user_id`, `body`, `created_at`) VALUES ('1', '1', '2', 'Quaerat alias harum officiis odit non dolores quos. Ut quam aut tempore facere distinctio. Accusamus molestias doloribus sint ut sequi qui.', '1976-11-02 07:53:39');
INSERT INTO `messages` (`id`, `from_user_id`, `to_user_id`, `body`, `created_at`) VALUES ('2', '2', '3', 'Ut nostrum voluptatibus laborum voluptas corporis incidunt molestias. Laborum accusantium sint et. Nulla quis ratione veniam possimus. Aperiam voluptatem et quia nobis qui.', '1986-10-10 04:02:56');
INSERT INTO `messages` (`id`, `from_user_id`, `to_user_id`, `body`, `created_at`) VALUES ('3', '3', '1', 'Aut voluptates ipsam ad sed. Qui ea dolorum quibusdam quos praesentium autem. Eveniet voluptas numquam illum qui ducimus ea optio. Ipsum magnam aliquid omnis pariatur sed omnis praesentium.', '2004-01-10 01:32:06');
INSERT INTO `messages` (`id`, `from_user_id`, `to_user_id`, `body`, `created_at`) VALUES ('4', '4', '2', 'Rerum voluptas et quis reprehenderit voluptatem necessitatibus error. Magnam sed rerum minus aut officiis voluptatum omnis. Asperiores inventore dolorum vel eius.', '2001-04-17 00:52:12');
INSERT INTO `messages` (`id`, `from_user_id`, `to_user_id`, `body`, `created_at`) VALUES ('5', '5', '6', 'Quae quisquam doloribus eius itaque commodi. Cumque aspernatur in quo consequuntur. Quis est ratione quisquam est voluptas totam.', '1971-08-14 08:14:49');
INSERT INTO `messages` (`id`, `from_user_id`, `to_user_id`, `body`, `created_at`) VALUES ('6', '6', '7', 'Voluptates et hic deleniti aliquid eius. Ad explicabo quia et numquam commodi. Saepe ex quas aut maiores nisi nulla. Officia iusto aut et itaque accusantium.', '1994-10-10 08:03:29');
INSERT INTO `messages` (`id`, `from_user_id`, `to_user_id`, `body`, `created_at`) VALUES ('7', '7', '5', 'Non dolore ut modi quos. Et qui debitis voluptatum delectus repellat. Vero ex non non voluptatem accusantium sapiente.', '1985-03-23 06:40:42');
INSERT INTO `messages` (`id`, `from_user_id`, `to_user_id`, `body`, `created_at`) VALUES ('8', '8', '9', 'Quis consequatur voluptate ut omnis alias voluptatem. Nostrum sed qui consequatur provident error qui qui.', '1983-09-08 17:05:55');
INSERT INTO `messages` (`id`, `from_user_id`, `to_user_id`, `body`, `created_at`) VALUES ('9', '9', '10', 'Cum eum exercitationem quam in distinctio. Quo ullam est accusantium quod voluptatem est dolorem. Eos sit architecto tempora quisquam porro soluta. Ratione quia sit commodi blanditiis.', '1999-12-17 00:14:53');
INSERT INTO `messages` (`id`, `from_user_id`, `to_user_id`, `body`, `created_at`) VALUES ('10', '10', '3', 'Quasi dolore sint porro corrupti. Vitae molestiae facilis eveniet facilis doloribus. Nam nobis nisi totam et debitis.\nVoluptatem iusto molestiae officiis ut eos. Qui quam ipsam eaque.', '2010-05-05 11:20:10');
INSERT INTO `messages` (`id`, `from_user_id`, `to_user_id`, `body`, `created_at`) VALUES ('11', '11', '10', 'Hic aut illo eum nihil nihil. Ut omnis nesciunt consequatur occaecati sunt tenetur labore. Delectus quasi illo illum explicabo quod totam. Alias dolore deserunt corrupti provident.', '2003-07-07 14:21:32');
INSERT INTO `messages` (`id`, `from_user_id`, `to_user_id`, `body`, `created_at`) VALUES ('12', '12', '11', 'Omnis recusandae quaerat voluptas totam veritatis. Distinctio provident non qui aliquid nobis molestias. Sunt dolores praesentium sunt eos. Facere reprehenderit autem qui.', '2016-05-19 16:44:23');
INSERT INTO `messages` (`id`, `from_user_id`, `to_user_id`, `body`, `created_at`) VALUES ('13', '13', '12', 'Non iste aut corrupti sequi voluptatem. Ipsum illo in nihil atque. Quia nulla ad quia. Quam excepturi aut eius est.', '1998-06-25 10:18:45');
INSERT INTO `messages` (`id`, `from_user_id`, `to_user_id`, `body`, `created_at`) VALUES ('14', '14', '13', 'Dolores possimus est consequuntur nostrum facilis in tempore. Nostrum quis sint maiores minima veniam numquam deserunt. Rerum dolorum est qui. Aut qui excepturi unde non sunt inventore.', '2010-06-05 06:48:57');
INSERT INTO `messages` (`id`, `from_user_id`, `to_user_id`, `body`, `created_at`) VALUES ('15', '15', '14', 'Fugiat suscipit sed dolorum dicta nihil. Consequatur minima tempore dolores voluptate quam. Quibusdam sint velit in ullam eos magni eligendi sint. Impedit illo quas eveniet aliquid corporis qui.', '2018-03-01 21:55:06');
INSERT INTO `messages` (`id`, `from_user_id`, `to_user_id`, `body`, `created_at`) VALUES ('16', '16', '12', 'Maxime sapiente atque provident corporis est ut. Minima et id nostrum sed vel ut.', '1991-10-21 05:19:38');
INSERT INTO `messages` (`id`, `from_user_id`, `to_user_id`, `body`, `created_at`) VALUES ('17', '17', '16', 'Nisi expedita voluptas voluptate praesentium neque beatae odit. Dolor necessitatibus illo in quibusdam non ullam. Et ut et ipsum soluta molestiae ea.', '2005-05-15 03:36:10');
INSERT INTO `messages` (`id`, `from_user_id`, `to_user_id`, `body`, `created_at`) VALUES ('18', '18', '17', 'Aspernatur eum non at repellat. Deleniti aspernatur aut explicabo laudantium quia doloribus. Modi quo aliquid eos. Ipsa qui eum eligendi animi laborum voluptas.', '2009-01-09 18:18:13');
INSERT INTO `messages` (`id`, `from_user_id`, `to_user_id`, `body`, `created_at`) VALUES ('19', '19', '20', 'Delectus asperiores quis dolorem omnis quasi. Eius illo explicabo aut omnis quos. Dolor debitis quo voluptatem culpa nulla dignissimos. Aut odio eveniet necessitatibus.', '1986-10-15 15:46:26');
INSERT INTO `messages` (`id`, `from_user_id`, `to_user_id`, `body`, `created_at`) VALUES ('20', '20', '19', 'Suscipit quaerat rerum officiis nostrum cum. Eum expedita itaque ut aut. Pariatur consequuntur reprehenderit fuga iste aperiam.', '2007-10-20 12:13:30');

-- Добавление в таблицу friend_requests
INSERT INTO `friend_requests` (`initiator_user_id`, `target_user_id`, `status`, `requested_at`, `updated_at`) VALUES ('1', '1', 'unfriended', '1991-08-27 08:04:18', '1991-01-09 01:22:26');
INSERT INTO `friend_requests` (`initiator_user_id`, `target_user_id`, `status`, `requested_at`, `updated_at`) VALUES ('2', '2', 'approved', '1970-11-21 18:48:06', '2019-04-03 09:29:43');
INSERT INTO `friend_requests` (`initiator_user_id`, `target_user_id`, `status`, `requested_at`, `updated_at`) VALUES ('3', '3', 'unfriended', '1987-06-18 08:38:40', '1989-11-20 10:50:43');
INSERT INTO `friend_requests` (`initiator_user_id`, `target_user_id`, `status`, `requested_at`, `updated_at`) VALUES ('4', '4', 'requested', '1971-12-14 21:44:07', '1981-09-29 19:03:24');
INSERT INTO `friend_requests` (`initiator_user_id`, `target_user_id`, `status`, `requested_at`, `updated_at`) VALUES ('5', '5', 'declined', '2014-11-14 16:25:45', '1975-09-02 20:32:39');
INSERT INTO `friend_requests` (`initiator_user_id`, `target_user_id`, `status`, `requested_at`, `updated_at`) VALUES ('6', '6', 'declined', '2006-02-28 05:24:48', '1993-09-02 13:24:35');
INSERT INTO `friend_requests` (`initiator_user_id`, `target_user_id`, `status`, `requested_at`, `updated_at`) VALUES ('7', '7', 'declined', '1985-02-27 18:13:42', '1971-12-23 14:51:36');
INSERT INTO `friend_requests` (`initiator_user_id`, `target_user_id`, `status`, `requested_at`, `updated_at`) VALUES ('8', '8', 'requested', '2013-10-25 03:36:07', '2020-10-14 17:21:07');
INSERT INTO `friend_requests` (`initiator_user_id`, `target_user_id`, `status`, `requested_at`, `updated_at`) VALUES ('9', '9', 'requested', '2004-01-25 11:52:17', '1983-08-21 18:14:00');
INSERT INTO `friend_requests` (`initiator_user_id`, `target_user_id`, `status`, `requested_at`, `updated_at`) VALUES ('10', '10', 'requested', '1981-07-07 06:04:13', '1978-04-08 11:43:35');
INSERT INTO `friend_requests` (`initiator_user_id`, `target_user_id`, `status`, `requested_at`, `updated_at`) VALUES ('11', '11', 'requested', '1983-06-13 19:48:48', '2009-07-28 15:59:32');
INSERT INTO `friend_requests` (`initiator_user_id`, `target_user_id`, `status`, `requested_at`, `updated_at`) VALUES ('12', '12', 'approved', '2018-06-28 00:06:13', '1982-03-08 21:09:51');
INSERT INTO `friend_requests` (`initiator_user_id`, `target_user_id`, `status`, `requested_at`, `updated_at`) VALUES ('13', '13', 'requested', '1995-03-02 08:29:33', '2021-02-27 00:15:28');
INSERT INTO `friend_requests` (`initiator_user_id`, `target_user_id`, `status`, `requested_at`, `updated_at`) VALUES ('14', '14', 'approved', '1995-09-05 08:31:36', '1984-10-03 21:30:38');
INSERT INTO `friend_requests` (`initiator_user_id`, `target_user_id`, `status`, `requested_at`, `updated_at`) VALUES ('15', '15', 'declined', '2017-08-01 14:38:49', '2002-12-28 05:20:09');
INSERT INTO `friend_requests` (`initiator_user_id`, `target_user_id`, `status`, `requested_at`, `updated_at`) VALUES ('16', '16', 'approved', '1972-01-13 09:28:24', '1996-01-27 03:59:21');
INSERT INTO `friend_requests` (`initiator_user_id`, `target_user_id`, `status`, `requested_at`, `updated_at`) VALUES ('17', '17', 'requested', '1984-07-31 18:12:35', '1988-01-20 15:24:19');
INSERT INTO `friend_requests` (`initiator_user_id`, `target_user_id`, `status`, `requested_at`, `updated_at`) VALUES ('18', '18', 'declined', '2018-04-15 04:15:34', '2013-08-12 02:38:25');
INSERT INTO `friend_requests` (`initiator_user_id`, `target_user_id`, `status`, `requested_at`, `updated_at`) VALUES ('19', '19', 'declined', '1979-11-29 07:30:54', '1987-05-25 03:01:31');
INSERT INTO `friend_requests` (`initiator_user_id`, `target_user_id`, `status`, `requested_at`, `updated_at`) VALUES ('20', '20', 'unfriended', '1984-03-05 13:31:22', '1999-03-26 06:13:39');

-- Добавление в таблицу media_types
INSERT INTO `media_types` (`id`, `name`, `created_at`, `updated_at`) VALUES ('1', 'error', '1979-06-01 11:48:02', '1986-03-06 12:14:03');
INSERT INTO `media_types` (`id`, `name`, `created_at`, `updated_at`) VALUES ('2', 'molestiae', '1990-10-22 18:29:17', '2000-08-25 09:42:45');
INSERT INTO `media_types` (`id`, `name`, `created_at`, `updated_at`) VALUES ('3', 'voluptas', '2002-09-03 17:12:38', '2009-04-13 12:29:57');
INSERT INTO `media_types` (`id`, `name`, `created_at`, `updated_at`) VALUES ('4', 'sit', '2012-09-10 19:29:39', '2013-09-10 18:29:52');
INSERT INTO `media_types` (`id`, `name`, `created_at`, `updated_at`) VALUES ('5', 'voluptates', '2018-09-05 11:07:53', '1995-11-18 00:13:31');
INSERT INTO `media_types` (`id`, `name`, `created_at`, `updated_at`) VALUES ('6', 'illo', '1991-11-23 16:28:58', '2001-02-03 01:22:24');
INSERT INTO `media_types` (`id`, `name`, `created_at`, `updated_at`) VALUES ('7', 'quia', '2012-12-05 06:45:20', '2011-01-14 22:02:18');
INSERT INTO `media_types` (`id`, `name`, `created_at`, `updated_at`) VALUES ('8', 'fuga', '1980-10-22 06:25:53', '2000-03-05 13:16:09');
INSERT INTO `media_types` (`id`, `name`, `created_at`, `updated_at`) VALUES ('9', 'architecto', '1990-07-29 00:52:47', '1990-07-02 11:46:42');
INSERT INTO `media_types` (`id`, `name`, `created_at`, `updated_at`) VALUES ('10', 'quia', '2003-04-19 06:13:26', '2001-12-06 22:20:33');
INSERT INTO `media_types` (`id`, `name`, `created_at`, `updated_at`) VALUES ('11', 'atque', '2002-05-12 13:11:54', '2012-05-05 17:53:28');
INSERT INTO `media_types` (`id`, `name`, `created_at`, `updated_at`) VALUES ('12', 'adipisci', '1971-06-06 18:13:20', '1997-02-21 19:59:42');
INSERT INTO `media_types` (`id`, `name`, `created_at`, `updated_at`) VALUES ('13', 'inventore', '2011-07-15 09:07:16', '1995-01-07 23:58:24');
INSERT INTO `media_types` (`id`, `name`, `created_at`, `updated_at`) VALUES ('14', 'temporibus', '2016-09-30 00:56:08', '2010-01-15 04:27:50');
INSERT INTO `media_types` (`id`, `name`, `created_at`, `updated_at`) VALUES ('15', 'ea', '1996-02-08 05:59:00', '1981-11-05 18:52:00');
INSERT INTO `media_types` (`id`, `name`, `created_at`, `updated_at`) VALUES ('16', 'aliquid', '1992-02-28 07:02:23', '1998-11-20 10:00:01');
INSERT INTO `media_types` (`id`, `name`, `created_at`, `updated_at`) VALUES ('17', 'neque', '1974-02-23 16:56:42', '1996-08-02 08:48:29');
INSERT INTO `media_types` (`id`, `name`, `created_at`, `updated_at`) VALUES ('18', 'modi', '1990-03-17 02:10:01', '1970-09-18 12:49:07');
INSERT INTO `media_types` (`id`, `name`, `created_at`, `updated_at`) VALUES ('19', 'modi', '2020-11-08 18:00:10', '1997-07-06 10:13:20');
INSERT INTO `media_types` (`id`, `name`, `created_at`, `updated_at`) VALUES ('20', 'cumque', '2012-06-25 09:53:57', '1991-07-19 15:56:09');

-- Добавление в таблицу media
INSERT INTO `media` (`id`, `media_type_id`, `user_id`, `body`, `filename`, `size`, `metadata`, `created_at`, `updated_at`) VALUES ('1', '1', '1', 'Quas quaerat tempora doloremque iure. Eveniet aspernatur voluptates odio blanditiis aut. Et omnis aliquam quod aliquam voluptas labore quos.', 'asperiores', 609438314, NULL, '2021-07-12 07:30:33', '1982-02-28 13:07:50');
INSERT INTO `media` (`id`, `media_type_id`, `user_id`, `body`, `filename`, `size`, `metadata`, `created_at`, `updated_at`) VALUES ('2', '2', '2', 'Adipisci dolorem reprehenderit voluptate commodi dolores sapiente sed voluptas. Sunt quam soluta voluptas aut repellendus. Odio velit iste a qui. Impedit ea sed voluptatem et dolorem non.', 'beatae', 223218, NULL, '2001-01-29 02:37:33', '2000-10-17 07:11:04');
INSERT INTO `media` (`id`, `media_type_id`, `user_id`, `body`, `filename`, `size`, `metadata`, `created_at`, `updated_at`) VALUES ('3', '3', '3', 'Expedita facere occaecati culpa harum. Recusandae et adipisci adipisci omnis voluptatem. Et repellendus aut iure sapiente veniam est at eligendi. Vel mollitia rerum quibusdam rem ipsam.', 'rem', 476615619, NULL, '2001-09-16 10:34:23', '1991-11-23 10:45:14');
INSERT INTO `media` (`id`, `media_type_id`, `user_id`, `body`, `filename`, `size`, `metadata`, `created_at`, `updated_at`) VALUES ('4', '4', '4', 'Eos sit optio voluptatem hic harum. Natus rerum dignissimos ipsam et voluptatem praesentium. Veritatis aliquam asperiores praesentium soluta tempore veritatis.', 'reprehenderit', 363507983, NULL, '1987-06-12 00:04:48', '1974-06-25 18:20:44');
INSERT INTO `media` (`id`, `media_type_id`, `user_id`, `body`, `filename`, `size`, `metadata`, `created_at`, `updated_at`) VALUES ('5', '5', '5', 'Temporibus quia repellendus voluptates. Aut recusandae doloribus et enim repellat voluptatem rerum error. Ex modi neque deserunt ex ea labore quia. Ut asperiores neque expedita magni in.', 'sunt', 71976627, NULL, '2010-06-15 23:48:44', '2020-10-16 07:28:37');
INSERT INTO `media` (`id`, `media_type_id`, `user_id`, `body`, `filename`, `size`, `metadata`, `created_at`, `updated_at`) VALUES ('6', '6', '6', 'Qui est culpa eius qui sed veniam hic. Facere quia at et sed. Sint accusantium porro ut. Iure voluptatem enim ipsum.', 'officiis', 24, NULL, '2000-10-08 02:10:48', '1999-06-17 07:16:40');
INSERT INTO `media` (`id`, `media_type_id`, `user_id`, `body`, `filename`, `size`, `metadata`, `created_at`, `updated_at`) VALUES ('7', '7', '7', 'Blanditiis rerum voluptatem dolor magnam porro. Qui ut est quam atque consequatur deleniti molestiae. Quia ullam sed quibusdam omnis est voluptatum eius.', 'est', 5075806, NULL, '2002-08-31 14:19:23', '1996-08-07 10:33:39');
INSERT INTO `media` (`id`, `media_type_id`, `user_id`, `body`, `filename`, `size`, `metadata`, `created_at`, `updated_at`) VALUES ('8', '8', '8', 'Explicabo suscipit consequatur sed eum eos provident est sed. Qui iste voluptas adipisci aspernatur et. Asperiores aut enim tempora perspiciatis aut.', 'corrupti', 1, NULL, '1994-07-07 01:52:12', '1978-12-09 08:11:36');
INSERT INTO `media` (`id`, `media_type_id`, `user_id`, `body`, `filename`, `size`, `metadata`, `created_at`, `updated_at`) VALUES ('9', '9', '9', 'Facere deserunt labore laborum incidunt. Velit ipsam in voluptate sed ab. Animi voluptas eius sed aut error.', 'facilis', 60, NULL, '2012-09-27 03:02:13', '1981-12-03 19:38:33');
INSERT INTO `media` (`id`, `media_type_id`, `user_id`, `body`, `filename`, `size`, `metadata`, `created_at`, `updated_at`) VALUES ('10', '10', '10', 'Earum explicabo quasi sit sit distinctio. Voluptatum enim soluta dolores molestias nihil provident. Alias cupiditate laboriosam eum assumenda est consequatur.', 'est', 0, NULL, '1995-04-24 13:27:01', '2013-12-27 02:12:06');
INSERT INTO `media` (`id`, `media_type_id`, `user_id`, `body`, `filename`, `size`, `metadata`, `created_at`, `updated_at`) VALUES ('11', '11', '11', 'Vel qui tenetur et quaerat sed amet inventore. Quod quis error ut nesciunt architecto voluptatem. Perspiciatis et aut possimus corrupti soluta. Hic ipsam commodi eum laborum ab at.', 'nesciunt', 0, NULL, '1997-06-10 05:15:38', '2012-10-02 11:16:45');
INSERT INTO `media` (`id`, `media_type_id`, `user_id`, `body`, `filename`, `size`, `metadata`, `created_at`, `updated_at`) VALUES ('12', '12', '12', 'Corporis rerum odit voluptas odit non qui. Ut facilis omnis dolores sed officia. Sed corporis quod explicabo voluptas vel pariatur. Omnis ut animi nemo.', 'repudiandae', 0, NULL, '2015-07-24 09:49:44', '2019-04-27 03:03:17');
INSERT INTO `media` (`id`, `media_type_id`, `user_id`, `body`, `filename`, `size`, `metadata`, `created_at`, `updated_at`) VALUES ('13', '13', '13', 'Voluptatem consequatur dolores veniam voluptatibus nulla recusandae. Distinctio labore praesentium veniam neque error qui. Reiciendis distinctio tenetur cupiditate quasi consequatur odio et.', 'molestias', 806354761, NULL, '1995-07-06 14:03:11', '2002-10-02 08:38:06');
INSERT INTO `media` (`id`, `media_type_id`, `user_id`, `body`, `filename`, `size`, `metadata`, `created_at`, `updated_at`) VALUES ('14', '14', '14', 'Officia nostrum nisi fugit est omnis neque qui. Labore blanditiis aut ut porro tempora quas possimus. Id accusamus placeat est provident magnam et non.', 'doloremque', 30263474, NULL, '1977-04-10 04:21:06', '1986-10-15 16:26:44');
INSERT INTO `media` (`id`, `media_type_id`, `user_id`, `body`, `filename`, `size`, `metadata`, `created_at`, `updated_at`) VALUES ('15', '15', '15', 'Eos dolor velit ut quo perspiciatis possimus non. Est reiciendis tempora explicabo vel. Dignissimos omnis omnis eos aut. Consequatur et consectetur ut repellat laboriosam.', 'magnam', 174921, NULL, '1970-12-03 23:13:37', '2013-03-11 10:01:38');
INSERT INTO `media` (`id`, `media_type_id`, `user_id`, `body`, `filename`, `size`, `metadata`, `created_at`, `updated_at`) VALUES ('16', '16', '16', 'Similique tempora voluptatem ea minus ut. Minima quidem nesciunt sequi molestiae tenetur. Accusantium et ut cum. Aperiam quis omnis sit.', 'rerum', 50339692, NULL, '1989-04-10 18:29:46', '2012-01-07 04:12:50');
INSERT INTO `media` (`id`, `media_type_id`, `user_id`, `body`, `filename`, `size`, `metadata`, `created_at`, `updated_at`) VALUES ('17', '17', '17', 'Nihil aliquid sapiente eum voluptas ut et. Est fugiat dolorum beatae autem nesciunt omnis dolores possimus. Dolorum voluptatem libero consequuntur est. Voluptate sunt dolores eum molestiae consequatur ut nobis.', 'labore', 6, NULL, '2012-03-28 16:49:26', '1991-12-27 17:49:51');
INSERT INTO `media` (`id`, `media_type_id`, `user_id`, `body`, `filename`, `size`, `metadata`, `created_at`, `updated_at`) VALUES ('18', '18', '18', 'Ut nam voluptatum dignissimos molestias quis recusandae. Voluptate qui qui tenetur quam laborum vitae. Repudiandae sunt consequatur minima assumenda veritatis repudiandae. Maxime veniam distinctio doloremque.', 'aperiam', 0, NULL, '2021-08-06 09:45:34', '2010-12-12 09:08:10');
INSERT INTO `media` (`id`, `media_type_id`, `user_id`, `body`, `filename`, `size`, `metadata`, `created_at`, `updated_at`) VALUES ('19', '19', '19', 'Aut illum dolor reprehenderit. Omnis id dolorum harum cumque. Adipisci repellat reiciendis accusamus suscipit temporibus nisi explicabo.', 'assumenda', 35, NULL, '2003-11-22 13:13:09', '1996-11-09 19:14:12');
INSERT INTO `media` (`id`, `media_type_id`, `user_id`, `body`, `filename`, `size`, `metadata`, `created_at`, `updated_at`) VALUES ('20', '20', '20', 'Officia nobis sint impedit magni porro quos at quibusdam. Quo quidem veniam dolorum maxime qui. Saepe deserunt quos dolor suscipit. Blanditiis magnam quod aliquam voluptas maxime.', 'iste', 731, NULL, '1984-09-25 19:15:52', '1992-10-26 18:44:35');

-- Добавление в таблицу communities
INSERT INTO `communities` (`id`, `name`, `admin_user_id`) VALUES ('1', 'soluta', '1');
INSERT INTO `communities` (`id`, `name`, `admin_user_id`) VALUES ('2', 'dolorem', '2');
INSERT INTO `communities` (`id`, `name`, `admin_user_id`) VALUES ('3', 'consectetur', '3');
INSERT INTO `communities` (`id`, `name`, `admin_user_id`) VALUES ('4', 'alias', '4');
INSERT INTO `communities` (`id`, `name`, `admin_user_id`) VALUES ('5', 'quaerat', '5');
INSERT INTO `communities` (`id`, `name`, `admin_user_id`) VALUES ('6', 'autem', '6');
INSERT INTO `communities` (`id`, `name`, `admin_user_id`) VALUES ('7', 'ratione', '7');
INSERT INTO `communities` (`id`, `name`, `admin_user_id`) VALUES ('8', 'hic', '8');
INSERT INTO `communities` (`id`, `name`, `admin_user_id`) VALUES ('9', 'quis', '9');
INSERT INTO `communities` (`id`, `name`, `admin_user_id`) VALUES ('10', 'consequuntur', '10');
INSERT INTO `communities` (`id`, `name`, `admin_user_id`) VALUES ('11', 'sint', '11');
INSERT INTO `communities` (`id`, `name`, `admin_user_id`) VALUES ('12', 'et', '12');
INSERT INTO `communities` (`id`, `name`, `admin_user_id`) VALUES ('13', 'explicabo', '13');
INSERT INTO `communities` (`id`, `name`, `admin_user_id`) VALUES ('14', 'atque', '14');
INSERT INTO `communities` (`id`, `name`, `admin_user_id`) VALUES ('15', 'consequatur', '15');
INSERT INTO `communities` (`id`, `name`, `admin_user_id`) VALUES ('16', 'aspernatur', '16');
INSERT INTO `communities` (`id`, `name`, `admin_user_id`) VALUES ('17', 'sequi', '17');
INSERT INTO `communities` (`id`, `name`, `admin_user_id`) VALUES ('18', 'sit', '18');
INSERT INTO `communities` (`id`, `name`, `admin_user_id`) VALUES ('19', 'tempore', '19');
INSERT INTO `communities` (`id`, `name`, `admin_user_id`) VALUES ('20', 'nobis', '20');

-- Добавление в таблицу users_communities
INSERT INTO `users_communities` (`user_id`, `community_id`) VALUES ('1', '1');
INSERT INTO `users_communities` (`user_id`, `community_id`) VALUES ('2', '2');
INSERT INTO `users_communities` (`user_id`, `community_id`) VALUES ('3', '3');
INSERT INTO `users_communities` (`user_id`, `community_id`) VALUES ('4', '4');
INSERT INTO `users_communities` (`user_id`, `community_id`) VALUES ('5', '5');
INSERT INTO `users_communities` (`user_id`, `community_id`) VALUES ('6', '6');
INSERT INTO `users_communities` (`user_id`, `community_id`) VALUES ('7', '7');
INSERT INTO `users_communities` (`user_id`, `community_id`) VALUES ('8', '8');
INSERT INTO `users_communities` (`user_id`, `community_id`) VALUES ('9', '9');
INSERT INTO `users_communities` (`user_id`, `community_id`) VALUES ('10', '10');
INSERT INTO `users_communities` (`user_id`, `community_id`) VALUES ('11', '11');
INSERT INTO `users_communities` (`user_id`, `community_id`) VALUES ('12', '12');
INSERT INTO `users_communities` (`user_id`, `community_id`) VALUES ('13', '13');
INSERT INTO `users_communities` (`user_id`, `community_id`) VALUES ('14', '14');
INSERT INTO `users_communities` (`user_id`, `community_id`) VALUES ('15', '15');
INSERT INTO `users_communities` (`user_id`, `community_id`) VALUES ('16', '16');
INSERT INTO `users_communities` (`user_id`, `community_id`) VALUES ('17', '17');
INSERT INTO `users_communities` (`user_id`, `community_id`) VALUES ('18', '18');
INSERT INTO `users_communities` (`user_id`, `community_id`) VALUES ('19', '19');
INSERT INTO `users_communities` (`user_id`, `community_id`) VALUES ('20', '20');

-- Добавление в таблицу likes
INSERT INTO `likes` (`id`, `user_id`, `media_id`, `created_at`) VALUES ('1', '1', '1', '1992-03-11 20:52:36');
INSERT INTO `likes` (`id`, `user_id`, `media_id`, `created_at`) VALUES ('2', '2', '2', '1978-07-25 14:35:11');
INSERT INTO `likes` (`id`, `user_id`, `media_id`, `created_at`) VALUES ('3', '3', '3', '1980-03-23 07:36:44');
INSERT INTO `likes` (`id`, `user_id`, `media_id`, `created_at`) VALUES ('4', '4', '4', '1977-05-28 02:11:57');
INSERT INTO `likes` (`id`, `user_id`, `media_id`, `created_at`) VALUES ('5', '5', '5', '1973-02-15 03:26:10');
INSERT INTO `likes` (`id`, `user_id`, `media_id`, `created_at`) VALUES ('6', '6', '6', '2014-03-23 10:37:06');
INSERT INTO `likes` (`id`, `user_id`, `media_id`, `created_at`) VALUES ('7', '7', '7', '1994-11-03 00:01:15');
INSERT INTO `likes` (`id`, `user_id`, `media_id`, `created_at`) VALUES ('8', '8', '8', '1999-06-17 19:04:50');
INSERT INTO `likes` (`id`, `user_id`, `media_id`, `created_at`) VALUES ('9', '9', '9', '1972-12-19 08:37:16');
INSERT INTO `likes` (`id`, `user_id`, `media_id`, `created_at`) VALUES ('10', '10', '10', '1993-10-25 15:44:47');
INSERT INTO `likes` (`id`, `user_id`, `media_id`, `created_at`) VALUES ('11', '11', '11', '2002-04-16 12:01:26');
INSERT INTO `likes` (`id`, `user_id`, `media_id`, `created_at`) VALUES ('12', '12', '12', '1992-06-09 21:17:34');
INSERT INTO `likes` (`id`, `user_id`, `media_id`, `created_at`) VALUES ('13', '13', '13', '1989-07-17 06:35:16');
INSERT INTO `likes` (`id`, `user_id`, `media_id`, `created_at`) VALUES ('14', '14', '14', '2005-06-13 04:53:53');
INSERT INTO `likes` (`id`, `user_id`, `media_id`, `created_at`) VALUES ('15', '15', '15', '2007-05-21 01:26:49');
INSERT INTO `likes` (`id`, `user_id`, `media_id`, `created_at`) VALUES ('16', '16', '16', '1976-01-14 12:46:17');
INSERT INTO `likes` (`id`, `user_id`, `media_id`, `created_at`) VALUES ('17', '17', '17', '2008-04-15 08:26:05');
INSERT INTO `likes` (`id`, `user_id`, `media_id`, `created_at`) VALUES ('18', '18', '18', '1976-04-18 16:41:25');
INSERT INTO `likes` (`id`, `user_id`, `media_id`, `created_at`) VALUES ('19', '19', '19', '2006-10-18 10:20:37');
INSERT INTO `likes` (`id`, `user_id`, `media_id`, `created_at`) VALUES ('20', '20', '20', '1993-03-01 17:58:24');

-- Добавление в таблицу profiles
INSERT INTO `profiles` (`user_id`, `gender`, `birthday`, `photo_id`, `created_at`, `hometown`, `is_active`) VALUES ('1', NULL, '1979-01-13', '1', '2002-05-03 02:31:59', NULL, FALSE);
INSERT INTO `profiles` (`user_id`, `gender`, `birthday`, `photo_id`, `created_at`, `hometown`, `is_active`) VALUES ('2', NULL, '1987-09-06', '2', '1970-07-04 21:49:24', NULL, FALSE);
INSERT INTO `profiles` (`user_id`, `gender`, `birthday`, `photo_id`, `created_at`, `hometown`, `is_active`) VALUES ('3', NULL, '1988-02-07', '3', '2003-09-16 01:37:54', NULL, FALSE);
INSERT INTO `profiles` (`user_id`, `gender`, `birthday`, `photo_id`, `created_at`, `hometown`, `is_active`) VALUES ('4', NULL, '1972-07-11', '4', '2007-07-05 18:16:56', NULL, FALSE);
INSERT INTO `profiles` (`user_id`, `gender`, `birthday`, `photo_id`, `created_at`, `hometown`, `is_active`) VALUES ('5', NULL, '2015-02-15', '5', '1988-12-22 12:32:42', NULL, FALSE);
INSERT INTO `profiles` (`user_id`, `gender`, `birthday`, `photo_id`, `created_at`, `hometown`, `is_active`) VALUES ('6', NULL, '1987-02-11', '6', '2004-01-21 23:29:59', NULL, FALSE);
INSERT INTO `profiles` (`user_id`, `gender`, `birthday`, `photo_id`, `created_at`, `hometown`, `is_active`) VALUES ('7', NULL, '2004-04-27', '7', '2006-04-16 15:13:27', NULL, FALSE);
INSERT INTO `profiles` (`user_id`, `gender`, `birthday`, `photo_id`, `created_at`, `hometown`, `is_active`) VALUES ('8', NULL, '1981-11-21', '8', '1981-05-23 00:25:51', NULL, FALSE);
INSERT INTO `profiles` (`user_id`, `gender`, `birthday`, `photo_id`, `created_at`, `hometown`, `is_active`) VALUES ('9', NULL, '1970-08-18', '9', '2004-12-23 12:51:29', NULL, FALSE);
INSERT INTO `profiles` (`user_id`, `gender`, `birthday`, `photo_id`, `created_at`, `hometown`, `is_active`) VALUES ('10', NULL, '1985-06-10', '10', '1975-05-30 15:40:20', NULL, FALSE);
INSERT INTO `profiles` (`user_id`, `gender`, `birthday`, `photo_id`, `created_at`, `hometown`, `is_active`) VALUES ('11', NULL, '2005-09-12', '11', '1975-06-30 22:19:11', NULL, FALSE);
INSERT INTO `profiles` (`user_id`, `gender`, `birthday`, `photo_id`, `created_at`, `hometown`, `is_active`) VALUES ('12', NULL, '1984-09-03', '12', '2015-01-17 20:34:53', NULL, FALSE);
INSERT INTO `profiles` (`user_id`, `gender`, `birthday`, `photo_id`, `created_at`, `hometown`, `is_active`) VALUES ('13', NULL, '1983-07-04', '13', '1975-01-24 13:40:32', NULL, FALSE);
INSERT INTO `profiles` (`user_id`, `gender`, `birthday`, `photo_id`, `created_at`, `hometown`, `is_active`) VALUES ('14', NULL, '2001-02-20', '14', '2011-04-17 11:36:51', NULL, FALSE);
INSERT INTO `profiles` (`user_id`, `gender`, `birthday`, `photo_id`, `created_at`, `hometown`, `is_active`) VALUES ('15', NULL, '2011-11-18', '15', '1994-10-01 03:38:08', NULL, FALSE);
INSERT INTO `profiles` (`user_id`, `gender`, `birthday`, `photo_id`, `created_at`, `hometown`, `is_active`) VALUES ('16', NULL, '2003-01-16', '16', '1980-03-08 14:33:28', NULL, FALSE);
INSERT INTO `profiles` (`user_id`, `gender`, `birthday`, `photo_id`, `created_at`, `hometown`, `is_active`) VALUES ('17', NULL, '2020-09-19', '17', '1984-07-01 06:02:58', NULL, FALSE);
INSERT INTO `profiles` (`user_id`, `gender`, `birthday`, `photo_id`, `created_at`, `hometown`, `is_active`) VALUES ('18', NULL, '2014-04-20', '18', '1971-12-20 20:02:16', NULL, FALSE);
INSERT INTO `profiles` (`user_id`, `gender`, `birthday`, `photo_id`, `created_at`, `hometown`, `is_active`) VALUES ('19', NULL, '2016-03-27', '19', '1982-08-30 03:08:18', NULL, FALSE);
INSERT INTO `profiles` (`user_id`, `gender`, `birthday`, `photo_id`, `created_at`, `hometown`, `is_active`) VALUES ('20', NULL, '1980-10-25', '20', '1992-04-21 04:16:18', NULL, FALSE);

-- Добавление в таблицу photo_albums
INSERT INTO `photo_albums` (`id`, `name`, `user_id`) VALUES ('1', 'eaque', '1');
INSERT INTO `photo_albums` (`id`, `name`, `user_id`) VALUES ('2', 'placeat', '2');
INSERT INTO `photo_albums` (`id`, `name`, `user_id`) VALUES ('3', 'et', '3');
INSERT INTO `photo_albums` (`id`, `name`, `user_id`) VALUES ('4', 'molestiae', '4');
INSERT INTO `photo_albums` (`id`, `name`, `user_id`) VALUES ('5', 'architecto', '5');
INSERT INTO `photo_albums` (`id`, `name`, `user_id`) VALUES ('6', 'commodi', '6');
INSERT INTO `photo_albums` (`id`, `name`, `user_id`) VALUES ('7', 'vitae', '7');
INSERT INTO `photo_albums` (`id`, `name`, `user_id`) VALUES ('8', 'sed', '8');
INSERT INTO `photo_albums` (`id`, `name`, `user_id`) VALUES ('9', 'ut', '9');
INSERT INTO `photo_albums` (`id`, `name`, `user_id`) VALUES ('10', 'ducimus', '10');
INSERT INTO `photo_albums` (`id`, `name`, `user_id`) VALUES ('11', 'nihil', '11');
INSERT INTO `photo_albums` (`id`, `name`, `user_id`) VALUES ('12', 'aut', '12');
INSERT INTO `photo_albums` (`id`, `name`, `user_id`) VALUES ('13', 'qui', '13');
INSERT INTO `photo_albums` (`id`, `name`, `user_id`) VALUES ('14', 'sit', '14');
INSERT INTO `photo_albums` (`id`, `name`, `user_id`) VALUES ('15', 'consequatur', '15');
INSERT INTO `photo_albums` (`id`, `name`, `user_id`) VALUES ('16', 'nemo', '16');
INSERT INTO `photo_albums` (`id`, `name`, `user_id`) VALUES ('17', 'assumenda', '17');
INSERT INTO `photo_albums` (`id`, `name`, `user_id`) VALUES ('18', 'ut', '18');
INSERT INTO `photo_albums` (`id`, `name`, `user_id`) VALUES ('19', 'animi', '19');
INSERT INTO `photo_albums` (`id`, `name`, `user_id`) VALUES ('20', 'rerum', '20');

-- Добавление в таблицу photo_albums
INSERT INTO `photos` (`id`, `album_id`, `media_id`) VALUES ('1', '1', '1');
INSERT INTO `photos` (`id`, `album_id`, `media_id`) VALUES ('2', '2', '2');
INSERT INTO `photos` (`id`, `album_id`, `media_id`) VALUES ('3', '3', '3');
INSERT INTO `photos` (`id`, `album_id`, `media_id`) VALUES ('4', '4', '4');
INSERT INTO `photos` (`id`, `album_id`, `media_id`) VALUES ('5', '5', '5');
INSERT INTO `photos` (`id`, `album_id`, `media_id`) VALUES ('6', '6', '6');
INSERT INTO `photos` (`id`, `album_id`, `media_id`) VALUES ('7', '7', '7');
INSERT INTO `photos` (`id`, `album_id`, `media_id`) VALUES ('8', '8', '8');
INSERT INTO `photos` (`id`, `album_id`, `media_id`) VALUES ('9', '9', '9');
INSERT INTO `photos` (`id`, `album_id`, `media_id`) VALUES ('10', '10', '10');
INSERT INTO `photos` (`id`, `album_id`, `media_id`) VALUES ('11', '11', '11');
INSERT INTO `photos` (`id`, `album_id`, `media_id`) VALUES ('12', '12', '12');
INSERT INTO `photos` (`id`, `album_id`, `media_id`) VALUES ('13', '13', '13');
INSERT INTO `photos` (`id`, `album_id`, `media_id`) VALUES ('14', '14', '14');
INSERT INTO `photos` (`id`, `album_id`, `media_id`) VALUES ('15', '15', '15');
INSERT INTO `photos` (`id`, `album_id`, `media_id`) VALUES ('16', '16', '16');
INSERT INTO `photos` (`id`, `album_id`, `media_id`) VALUES ('17', '17', '17');
INSERT INTO `photos` (`id`, `album_id`, `media_id`) VALUES ('18', '18', '18');
INSERT INTO `photos` (`id`, `album_id`, `media_id`) VALUES ('19', '19', '19');
INSERT INTO `photos` (`id`, `album_id`, `media_id`) VALUES ('20', '20', '20');









